Signal,Alpha (%),t-stat,Sharpe,Post-pub Alpha (%),Post-pub t-stat,Survival Ratio,N months
BM,2.375288275429191,2.8286101810497892,0.4678621400451351,2.375288275429191,2.8286101810497892,1.0,300
Beta,2.0563897943934295,2.2689553887139984,0.1805096240665354,2.0563897943934295,2.2689553887139984,1.0,300
GP,1.0036857806397692,2.584022527799908,0.5662294305033162,0.26304906727224253,0.5251257527964719,0.26208308650598783,300
Mom12m,0.1684966256106514,0.32540462622645816,0.3556256485765736,0.1684966256106514,0.32540462622645816,1.0,300
Accruals,-0.12398811010162526,-0.3849688829066285,0.3682075193825776,-0.12398811010162526,-0.3849688829066285,1.0,300
COMPOSITE,,,0.443275127073858,,,,300
